Country,israel: (12/14/23 - 3/14/24),ukraine: (12/14/23 - 3/14/24),russia: (12/14/23 - 3/14/24),palestine: (12/14/23 - 3/14/24)
Montserrat,100%,,,
Anguilla,,,,100%
Solomon Islands,100%,,,
Seychelles,,,100%,
Equatorial Guinea,,100%,,
Burundi,,,100%,
Eswatini,,,,100%
Suriname,90%,,10%,
Liberia,,,5%,95%
Niger,100%,,,
Brunei,100%,,,
Israel,82%,7%,6%,5%
Maldives,4%,96%,,
Lebanon,76%,1%,1%,22%
Georgia,,94%,6%,
Palestine,70%,,,30%
Togo,,3%,,97%
Rwanda,,,,100%
Qatar,63%,<1%,2%,35%
Austria,30%,62%,8%,<1%
Germany,35%,58%,5%,2%
Mali,,48%,,52%
Bahrain,94%,,3%,3%
Kuwait,53%,22%,1%,24%
Jordan,77%,1%,21%,1%
United Arab Emirates,56%,13%,16%,15%
Luxembourg,43%,54%,3%,
Finland,4%,49%,46%,1%
Switzerland,36%,47%,11%,6%
South Africa,54%,15%,18%,13%
Canada,38%,28%,21%,13%
Costa Rica,75%,25%,<1%,
Laos,,49%,,51%
Tunisia,50%,1%,17%,32%
Lithuania,1%,61%,38%,
France,37%,47%,3%,13%
Ireland,35%,37%,15%,13%
Malaysia,49%,10%,18%,23%
Cuba,95%,1%,2%,2%
New Zealand,35%,37%,16%,12%
Singapore,38%,25%,28%,9%
Australia,42%,25%,18%,15%
Puerto Rico,96%,,3%,1%
Belgium,40%,40%,10%,10%
Norway,50%,21%,29%,<1%
Mozambique,93%,,7%,
Ukraine,7%,82%,11%,
Latvia,5%,81%,14%,
Netherlands,47%,27%,21%,5%
Sweden,37%,33%,22%,8%
Antigua & Barbuda,,100%,,
Uruguay,100%,,,
United Kingdom,34%,27%,27%,12%
Tanzania,95%,,5%,
Denmark,25%,44%,31%,<1%
Indonesia,74%,8%,8%,10%
Uganda,54%,6%,40%,
United States,38%,27%,23%,12%
Kenya,49%,26%,25%,
Romania,34%,42%,24%,<1%
Cyprus,7%,87%,6%,
Côte d’Ivoire,35%,65%,,
Brazil,60%,5%,33%,2%
Bulgaria,2%,57%,41%,
Sri Lanka,6%,29%,64%,1%
Italy,13%,12%,71%,4%
Morocco,54%,13%,10%,23%
Cameroon,7%,91%,2%,
Paraguay,100%,,,
Dominican Republic,70%,29%,1%,
Oman,92%,,3%,5%
Central African Republic,53%,47%,,
Portugal,40%,17%,43%,<1%
Pakistan,39%,11%,21%,29%
Spain,73%,13%,9%,5%
Curaçao,100%,,,
Colombia,97%,2%,1%,<1%
Chile,87%,11%,2%,<1%
Slovakia,1%,57%,42%,
Guernsey,,,100%,
Bolivia,99%,,,1%
Cayman Islands,,100%,,
Liechtenstein,100%,,,
Nigeria,50%,18%,24%,8%
Honduras,100%,,,
Panama,100%,,,
Czechia,23%,43%,33%,1%
Russia,8%,30%,62%,<1%
China,35%,31%,34%,<1%
Serbia,1%,51%,47%,1%
Mexico,87%,6%,7%,<1%
Saudi Arabia,61%,19%,2%,18%
Peru,85%,1%,<1%,14%
Philippines,38%,24%,22%,16%
Argentina,98%,1%,1%,<1%
Djibouti,37%,63%,,
Egypt,58%,15%,10%,17%
Venezuela,99%,1%,,
Vietnam,29%,49%,15%,7%
New Caledonia,,100%,,
Algeria,41%,22%,14%,23%
Ecuador,100%,,,
Nepal,47%,4%,48%,1%
India,39%,19%,31%,11%
Hungary,9%,13%,78%,
Bhutan,,42%,58%,
Iceland,37%,24%,17%,22%
Kazakhstan,2%,92%,6%,
Poland,13%,54%,33%,<1%
Hong Kong,43%,27%,18%,12%
Guinea,,100%,,
Congo - Brazzaville,,100%,,
Greece,36%,29%,34%,1%
Thailand,32%,34%,33%,1%
Bangladesh,23%,18%,27%,32%
Iraq,88%,7%,3%,2%
Bahamas,100%,,,
Malawi,30%,28%,42%,
Estonia,,59%,41%,
Croatia,25%,56%,19%,
Gabon,,100%,,
South Korea,34%,36%,30%,<1%
Papua New Guinea,38%,38%,24%,
Benin,48%,37%,15%,
North Macedonia,,33%,67%,
Bosnia & Herzegovina,,,100%,
Madagascar,56%,44%,,
Burkina Faso,,100%,,
Montenegro,,100%,,
Fiji,100%,,,
Botswana,,100%,,
Angola,35%,,65%,
Mongolia,,54%,46%,
Namibia,,43%,27%,30%
Albania,,40%,60%,
Moldova,,45%,55%,
Trinidad & Tobago,100%,,,
Réunion,64%,36%,,
Slovenia,17%,51%,32%,
Iran,56%,18%,3%,23%
Türkiye,45%,16%,25%,14%
Zimbabwe,17%,33%,50%,
Taiwan,46%,40%,14%,<1%
Congo - Kinshasa,13%,76%,,11%
Armenia,,40%,60%,
St. Helena,35%,37%,28%,
Mauritius,,57%,,43%
Ethiopia,52%,,48%,
Senegal,22%,49%,14%,15%
Kosovo,,100%,,
Azerbaijan,,41%,59%,
Somalia,,,100%,
Japan,24%,39%,29%,8%
Myanmar (Burma),,,100%,
Afghanistan,,52%,48%,
Nicaragua,100%,,,
Haiti,33%,35%,32%,
Guatemala,100%,,,
Jamaica,39%,31%,30%,
Zambia,27%,36%,37%,
Ghana,33%,37%,30%,
Cambodia,100%,,,
Syria,,32%,68%,
El Salvador,100%,,,
Uzbekistan,,25%,51%,24%
Belarus,,100%,,
Kyrgyzstan,,,100%,
Libya,100%,,,
Cocos (Keeling) Islands,,,,
Aruba,,,,
Guyana,,,,
Lesotho,,,,
St. Lucia,,,,
Guam,,,,
French Guiana,,,,
Macao,,,,
St. Martin,,,,
Greenland,,,,
Monaco,,,,
Grenada,,,,
Guinea-Bissau,,,,
Marshall Islands,,,,
Malta,,,,
Northern Mariana Islands,,,,
Gambia,,,,
Mauritania,,,,
Guadeloupe,,,,
Martinique,,,,
Gibraltar,,,,
Mayotte,,,,
Norfolk Island,,,,
Niue,,,,
Micronesia,,,,
Faroe Islands,,,,
Falkland Islands (Islas Malvinas),,,,
Nauru,,,,
Western Sahara,,,,
Eritrea,,,,
Dominica,,,,
Pitcairn Islands,,,,
Christmas Island,,,,
Palau,,,,
Cape Verde,,,,
Comoros,,,,
Cook Islands,,,,
North Korea,,,,
Kiribati,,,,
French Polynesia,,,,
Bouvet Island,,,,
Barbados,,,,
Bermuda,,,,
Sudan,,,,
Belize,,,,
South Georgia & South Sandwich Islands,,,,
Svalbard & Jan Mayen,,,,
St. Barthélemy,,,,
Sierra Leone,,,,
Isle of Man,,,,
San Marino,,,,
St. Pierre & Miquelon,,,,
British Indian Ocean Territory,,,,
South Sudan,,,,
São Tomé & Príncipe,,,,
Jersey,,,,
Caribbean Netherlands,,,,
Sint Maarten,,,,
Turks & Caicos Islands,,,,
Chad,,,,
Tajikistan,,,,
Tokelau,,,,
Turkmenistan,,,,
Timor-Leste,,,,
Tonga,,,,
French Southern Territories,,,,
Tuvalu,,,,
Antarctica,,,,
American Samoa,,,,
Andorra,,,,
U.S. Outlying Islands,,,,
Åland Islands,,,,
Vatican City,,,,
St. Vincent & Grenadines,,,,
British Virgin Islands,,,,
U.S. Virgin Islands,,,,
St. Kitts & Nevis,,,,
Vanuatu,,,,
Wallis & Futuna,,,,
Samoa,,,,
Yemen,,,,
Heard & McDonald Islands,,,,
